{"cameraMode":{"drawMode":0,"name":"Shaded","section":"Shading Mode"},"sceneLighting":true,"audioPlay":false,"sceneViewState":{"m_AlwaysRefresh":false,"showFog":true,"showSkybox":true,"showFlares":true,"showImageEffects":true,"showParticleSystems":true,"showVisualEffectGraphs":true,"m_FxEnabled":true},"in2DMode":false,"pivot":{"x":-6.190642833709717,"y":10.44875431060791,"z":-1.4828909635543824},"rotation":{"x":-0.048144787549972537,"y":0.07362082600593567,"z":-0.003827902488410473,"w":-0.9962435960769653},"size":32.95542526245117,"orthographic":true}