{"cameraMode":{"drawMode":0,"name":"Shaded","section":"Shading Mode"},"sceneLighting":true,"audioPlay":false,"sceneViewState":{"m_AlwaysRefresh":false,"showFog":true,"showSkybox":true,"showFlares":true,"showImageEffects":true,"showParticleSystems":true,"showVisualEffectGraphs":true,"m_FxEnabled":true},"in2DMode":false,"pivot":{"x":0.35056179761886599,"y":-1.3850584030151368,"z":61.44679260253906},"rotation":{"x":0.08864188939332962,"y":0.009879855439066887,"z":0.02218685857951641,"w":0.996726393699646},"size":54.64768600463867,"orthographic":false}