{"cameraMode":{"drawMode":0,"name":"Shaded","section":"Shading Mode"},"sceneLighting":true,"audioPlay":false,"sceneViewState":{"m_AlwaysRefresh":false,"showFog":true,"showSkybox":true,"showFlares":true,"showImageEffects":true,"showParticleSystems":true,"showVisualEffectGraphs":true,"m_FxEnabled":true},"in2DMode":false,"pivot":{"x":-129.51695251464845,"y":-20.58639144897461,"z":129.48768615722657},"rotation":{"x":0.10058096051216126,"y":-0.42497938871383669,"z":0.047921035438776019,"w":0.8986866474151611},"size":105.15801239013672,"orthographic":false}