{"cameraMode":{"drawMode":0,"name":"Shaded","section":"Shading Mode"},"sceneLighting":true,"audioPlay":false,"sceneViewState":{"m_AlwaysRefresh":false,"showFog":true,"showSkybox":true,"showFlares":true,"showImageEffects":true,"showParticleSystems":true,"showVisualEffectGraphs":true,"m_FxEnabled":true},"in2DMode":false,"pivot":{"x":4.61544132232666,"y":12.650137901306153,"z":7.101872444152832},"rotation":{"x":0.0626496747136116,"y":0.15366718173027039,"z":0.022680817171931268,"w":0.9872291684150696},"size":1.8779892921447755,"orthographic":false}