{"cameraMode":{"drawMode":0,"name":"Shaded","section":"Shading Mode"},"sceneLighting":true,"audioPlay":false,"sceneViewState":{"m_AlwaysRefresh":false,"showFog":true,"showSkybox":true,"showFlares":true,"showImageEffects":true,"showParticleSystems":true,"showVisualEffectGraphs":true,"m_FxEnabled":true},"in2DMode":false,"pivot":{"x":4.580648422241211,"y":12.495429039001465,"z":1.1283988952636719},"rotation":{"x":0.04561475291848183,"y":0.000614746764767915,"z":0.003585893427953124,"w":0.9993987083435059},"size":5.744495391845703,"orthographic":false}