{"cameraMode":{"drawMode":0,"name":"Shaded","section":"Shading Mode"},"sceneLighting":true,"audioPlay":false,"sceneViewState":{"m_AlwaysRefresh":false,"showFog":true,"showSkybox":true,"showFlares":true,"showImageEffects":true,"showParticleSystems":true,"showVisualEffectGraphs":true,"m_FxEnabled":true},"in2DMode":false,"pivot":{"x":-1.8960810899734498,"y":8.160200119018555,"z":68.3274917602539},"rotation":{"x":0.038976311683654788,"y":-0.0030002640560269357,"z":0.014775692485272885,"w":0.9999525547027588},"size":32.15812683105469,"orthographic":false}