{"cameraMode":{"drawMode":0,"name":"Shaded","section":"Shading Mode"},"sceneLighting":true,"audioPlay":false,"sceneViewState":{"m_AlwaysRefresh":false,"showFog":true,"showSkybox":true,"showFlares":true,"showImageEffects":true,"showParticleSystems":true,"showVisualEffectGraphs":true,"m_FxEnabled":true},"in2DMode":false,"pivot":{"x":18.963003158569337,"y":-0.11479949951171875,"z":64.4287338256836},"rotation":{"x":0.0865764170885086,"y":0.12298936396837235,"z":0.003777335863560438,"w":0.9894422292709351},"size":39.225608825683597,"orthographic":false}