{"cameraMode":{"drawMode":0,"name":"Shaded","section":"Shading Mode"},"sceneLighting":true,"audioPlay":false,"sceneViewState":{"m_AlwaysRefresh":false,"showFog":true,"showSkybox":true,"showFlares":true,"showImageEffects":true,"showParticleSystems":true,"showVisualEffectGraphs":true,"m_FxEnabled":true},"in2DMode":false,"pivot":{"x":0.3070657253265381,"y":21.82263946533203,"z":0.47644996643066409},"rotation":{"x":0.5421355962753296,"y":-0.16184039413928986,"z":0.14256207644939423,"w":0.813608705997467},"size":0.838451087474823,"orthographic":false}