{"cameraMode":{"drawMode":0,"name":"Shaded","section":"Shading Mode"},"sceneLighting":true,"audioPlay":false,"sceneViewState":{"m_AlwaysRefresh":false,"showFog":true,"showSkybox":true,"showFlares":true,"showImageEffects":true,"showParticleSystems":true,"showVisualEffectGraphs":true,"m_FxEnabled":true},"in2DMode":false,"pivot":{"x":12.083821296691895,"y":10.683677673339844,"z":46.70759582519531},"rotation":{"x":-0.06370927393436432,"y":-0.11539684236049652,"z":-0.0024013593792915346,"w":-0.9919842481613159},"size":23.191320419311525,"orthographic":false}